config_id,epoca,loss_treino,loss_early_stopping,f1_macro_early_stopping,eer_early_stopping,recall_bonafide_early_stopping,recall_spoof_early_stopping,limiar_epoca,tempo_s
A4-32x64x128x128|drop0.0|lr0.001,1,0.5387349872059293,0.5607209924062093,0.6899576835511605,0.2261111111111111,0.57,0.8974074074074074,0.5657325983047485,25.64
A4-32x64x128x128|drop0.0|lr0.001,2,0.46025389348136053,0.4706064189275106,0.7025987062661458,0.20018518518518522,0.5966666666666667,0.9007407407407407,0.42208331823349,24.39
A4-32x64x128x128|drop0.0|lr0.001,3,0.42463386910050005,0.5731373389561971,0.7155848590467087,0.182962962962963,0.5533333333333333,0.924074074074074,0.07212484627962112,24.39
A4-32x64x128x128|drop0.0|lr0.001,4,0.38678791621879294,0.3548650702635447,0.7780320062538844,0.13648148148148145,0.76,0.9192592592592592,0.29831400513648987,24.61
A4-32x64x128x128|drop0.0|lr0.001,5,0.35359805004685013,0.5842727500597636,0.7764047195722772,0.13648148148148145,0.7266666666666667,0.9255555555555556,0.06261321902275085,24.98
A4-32x64x128x128|drop0.0|lr0.001,6,0.32774716676164556,1.078290782292684,0.7923725783621212,0.14370370370370367,0.6833333333333333,0.945925925925926,0.9348179697990417,24.66
A4-32x64x128x128|drop0.0|lr0.001,7,0.2973791668326766,0.48132757043838503,0.8352723606788536,0.12981481481481483,0.69,0.9696296296296296,0.04214388132095337,24.32
A4-32x64x128x128|drop0.0|lr0.001,8,0.27430890982239337,0.8251774686177572,0.7901395348837209,0.1374074074074074,0.65,0.9518518518518518,0.86549973487854,25.04
A4-32x64x128x128|drop0.0|lr0.001,9,0.24623721164244192,0.2775015464623769,0.8535436376215612,0.11333333333333331,0.73,0.9718518518518519,0.12120253592729568,24.55
A4-32x64x128x128|drop0.0|lr0.001,10,0.23051876932161824,0.2503847193717956,0.8410165733408717,0.09722222222222221,0.73,0.9651851851851851,0.19264629483222961,24.61
A4-32x64x128x128|drop0.0|lr0.001,11,0.21006944140239997,1.9240607102711995,0.8381100851421034,0.10925925925925928,0.7333333333333333,0.9629629629629629,0.9956270456314087,23.24
A4-32x64x128x128|drop0.0|lr0.001,12,0.20339515507662737,0.48223488076527915,0.8770339857723082,0.0937037037037037,0.78,0.9751851851851852,0.019229087978601456,24.41
A4-32x64x128x128|drop0.0|lr0.001,13,0.1872764960306662,0.24843090550104777,0.8801246703428434,0.08962962962962963,0.76,0.98,0.07379481196403503,24.4
A4-32x64x128x128|drop0.0|lr0.001,14,0.16913590149084726,0.23222921458880105,0.8721720625395628,0.10111111111111111,0.6866666666666666,0.9885185185185185,0.0750085636973381,24.63
A4-32x64x128x128|drop0.0|lr0.001,15,0.15050722861289978,0.28107041692733764,0.8739495798319328,0.08740740740740743,0.72,0.9837037037037037,0.23147907853126526,24.02
A4-32x64x128x128|drop0.0|lr0.001,16,0.14323081961384526,0.2631444261868795,0.8518096999442805,0.09574074074074074,0.68,0.98,0.04332800209522247,24.14
A4-32x64x128x128|drop0.0|lr0.001,17,0.12200360655343091,1.1672387914657594,0.8502966535279515,0.08925925925925927,0.7966666666666666,0.9581481481481482,0.9867112040519714,23.2
A4-32x64x128x128|drop0.0|lr0.001,18,0.12318667688193144,0.7249252999623617,0.888682745825603,0.07462962962962964,0.8133333333333334,0.9755555555555555,0.9395027756690979,23.59
A4-32x64x128x128|drop0.0|lr0.001,19,0.10122731737295787,0.3272587523460388,0.8908379334138348,0.07796296296296298,0.7266666666666667,0.9903703703703703,0.0043607898987829685,24.2
A4-32x64x128x128|drop0.0|lr0.001,20,0.10093807356445877,0.35274928776423137,0.9066965600018118,0.06814814814814815,0.8533333333333334,0.9781481481481481,0.015105723403394222,24.32
A4-32x64x128x128|drop0.0|lr0.001,21,0.08260995411872864,0.2625513602892558,0.8948441812654779,0.06611111111111112,0.7733333333333333,0.9848148148148148,0.010374631732702255,24.13
A4-32x64x128x128|drop0.0|lr0.001,22,0.07485654465798978,0.23965830341974895,0.8980447135866377,0.07666666666666666,0.79,0.9837037037037037,0.09319242835044861,23.67
A4-32x64x128x128|drop0.0|lr0.001,23,0.07060369960356641,0.3826338396072388,0.8943737708947885,0.06351851851851853,0.7766666666666666,0.9840740740740741,0.6313052773475647,23.53
A4-32x64x128x128|drop0.0|lr0.001,24,0.06752746840318044,0.4202070452372233,0.9130052159046638,0.06592592592592594,0.8233333333333334,0.9855555555555555,0.757249116897583,23.09
A4-32x64x128x128|drop0.0|lr0.001,25,0.06056292676594522,0.489468874613444,0.8995550527993648,0.0737037037037037,0.85,0.9751851851851852,0.8855138421058655,23.15
A4-32x64x128x128|drop0.0|lr0.001,26,0.05951435447622228,0.2581677259604136,0.9081374150626229,0.06740740740740742,0.8133333333333334,0.9848148148148148,0.24866236746311188,23.43
A4-32x64x128x128|drop0.0|lr0.001,27,0.05723480569433283,0.7445785873730978,0.8861819874142571,0.07333333333333335,0.7733333333333333,0.9807407407407407,0.0002556817780714482,24.15
A4-32x64x128x128|drop0.0|lr0.001,28,0.03846393108257541,0.7616913216908773,0.9063427010208646,0.0614814814814815,0.83,0.9814814814814815,0.9683253169059753,22.64
A4-32x64x128x128|drop0.0|lr0.001,29,0.0391225327650706,0.2661831816037496,0.8879852052616204,0.07851851851851854,0.7833333333333333,0.98,0.03716554120182991,23.43
A4-32x64x128x128|drop0.0|lr0.001,30,0.04501313033368853,0.28882095098495486,0.9121671326945059,0.06740740740740739,0.8433333333333334,0.9822222222222222,0.007131813559681177,23.62
A4-32x64x128x128|drop0.0|lr0.001,31,0.02033171590058892,0.8385683517456055,0.9205024246760474,0.06462962962962965,0.87,0.9822222222222222,0.9828922748565674,22.51
A4-32x64x128x128|drop0.0|lr0.001,32,0.030416977328282815,1.0882457437515258,0.8781834719334719,0.08740740740740743,0.77,0.9774074074074074,4.557363718049601e-05,24.06
A4-32x64x128x128|drop0.0|lr0.001,33,0.04802438377451013,0.6896145935058594,0.9019563479493793,0.0690740740740741,0.8066666666666666,0.9829629629629629,0.9025396704673767,22.69
A4-32x64x128x128|drop0.0|lr0.001,34,0.03701875550493046,0.20878382301330567,0.9246332149795673,0.05925925925925926,0.8233333333333334,0.9907407407407407,0.050960246473550797,23.19
A4-32x64x128x128|drop0.0|lr0.001,35,0.013445589090938922,0.29086749958992003,0.9220997796032859,0.06962962962962962,0.8233333333333334,0.9896296296296296,0.20770899951457977,22.81
A4-32x64x128x128|drop0.0|lr0.001,36,0.00942502097123199,0.21282816807428995,0.9278701662993387,0.055740740740740716,0.8333333333333334,0.9907407407407407,0.009155764244496822,23.49
A4-32x64x128x128|drop0.0|lr0.001,37,0.004920233421303608,0.2535711957613627,0.9306582626535573,0.060000000000000026,0.8766666666666667,0.9859259259259259,0.2304617166519165,22.85
A4-32x64x128x128|drop0.0|lr0.001,38,0.09726715681343166,0.27591210492451984,0.8898678068538621,0.07555555555555554,0.7866666666666666,0.9803703703703703,0.22362013161182404,23.55
A4-32x64x128x128|drop0.0|lr0.001,39,0.038575706607765624,0.35534585428237914,0.922574024984647,0.060000000000000026,0.8533333333333334,0.9855555555555555,0.606396496295929,22.79
A4-32x64x128x128|drop0.0|lr0.001,40,0.013254739379441296,1.1389484570821127,0.9105457487191189,0.0601851851851852,0.7933333333333333,0.9888888888888889,0.9836942553520203,22.14
A4-32x64x128x128|drop0.0|lr0.001,41,0.006709415689386703,0.5951263968149821,0.9233922652346626,0.06388888888888888,0.8533333333333334,0.9859259259259259,0.9162580370903015,22.3
A4-32x64x128x128|drop0.0|lr0.001,42,0.004284278592853634,0.5847615409692128,0.9218273532358033,0.06370370370370368,0.7966666666666666,0.9933333333333333,0.719694197177887,22.26
A4-32x64x128x128|drop0.0|lr0.001,43,0.0031699558548215364,0.26547540378570555,0.9230552694316317,0.05981481481481479,0.8366666666666667,0.9881481481481481,0.11340335756540298,22.67
A4-32x64x128x128|drop0.0|lr0.001,44,0.09016270165945645,0.25979668156305946,0.8722739316529655,0.08851851851851851,0.79,0.9711111111111111,0.06339968740940094,23.77
A4-32x64x128x128|drop0.0|lr0.001,45,0.043857037336048156,0.3302339407602946,0.9028651572831097,0.060000000000000026,0.79,0.9859259259259259,0.45189130306243896,23.0
A4-32x64x128x128|drop0.3|lr0.001,1,0.5551383207639058,0.7187949347496033,0.6796085858585859,0.2261111111111111,0.5233333333333333,0.9025925925925926,0.7048527598381042,25.09
A4-32x64x128x128|drop0.3|lr0.001,2,0.48540918831472046,0.5224120008150737,0.6949129443636844,0.20925925925925926,0.57,0.9018518518518519,0.43243077397346497,24.13
A4-32x64x128x128|drop0.3|lr0.001,3,0.44869117065712255,0.5702195582389832,0.7087647031449406,0.20370370370370372,0.4766666666666667,0.9414814814814815,0.06400404125452042,24.15
A4-32x64x128x128|drop0.3|lr0.001,4,0.4131820388458393,0.4060718603134155,0.7746728516321681,0.15000000000000002,0.7033333333333334,0.9296296296296296,0.1845676600933075,24.13
A4-32x64x128x128|drop0.3|lr0.001,5,0.39730149075720045,0.39793697794278465,0.7648037920865522,0.14981481481481485,0.63,0.94,0.17309582233428955,24.24
A4-32x64x128x128|drop0.3|lr0.001,6,0.36184197938883744,0.5435591103235881,0.7911765115340174,0.14037037037037037,0.69,0.9437037037037037,0.708845853805542,24.21
A4-32x64x128x128|drop0.3|lr0.001,7,0.3457808625256574,0.47105180501937866,0.8039333253387697,0.12814814814814818,0.67,0.955925925925926,0.6008853316307068,24.24
A4-32x64x128x128|drop0.3|lr0.001,8,0.3228484111626943,0.5490617939631144,0.7901395348837209,0.1325925925925926,0.65,0.9518518518518518,0.6811355948448181,24.17
A4-32x64x128x128|drop0.3|lr0.001,9,0.29065140949355234,0.3050903997421265,0.8168888290974861,0.1164814814814815,0.6633333333333333,0.9648148148148148,0.1781042069196701,24.15
A4-32x64x128x128|drop0.3|lr0.001,10,0.28623223862824615,0.301662917137146,0.8407407407407408,0.11018518518518516,0.7133333333333334,0.9681481481481482,0.09508023411035538,24.25
A4-32x64x128x128|drop0.3|lr0.001,11,0.2736594378683302,0.7247537542978922,0.8233161258603736,0.11222222222222225,0.6533333333333333,0.9703703703703703,0.8017276525497437,23.99
A4-32x64x128x128|drop0.3|lr0.001,12,0.2588533789670026,0.3211187976201375,0.8533109361708202,0.10592592592592592,0.75,0.9681481481481482,0.10280518978834152,24.25
A4-32x64x128x128|drop0.3|lr0.001,13,0.24472945658807402,0.2634982112248739,0.866784269594574,0.10759259259259263,0.7733333333333333,0.9711111111111111,0.09310347586870193,24.07
A4-32x64x128x128|drop0.3|lr0.001,14,0.22952490321795146,0.24399746592839558,0.868270875053865,0.1,0.78,0.9707407407407408,0.2126932591199875,24.16
A4-32x64x128x128|drop0.3|lr0.001,15,0.22136301763852437,0.2521719536781311,0.8714866467845928,0.09870370370370368,0.77,0.9740740740740741,0.11448739469051361,24.26
A4-32x64x128x128|drop0.3|lr0.001,16,0.21249228398446685,0.6938019186655681,0.8518518518518519,0.10222222222222224,0.7333333333333333,0.9703703703703703,0.8439255356788635,23.73
A4-32x64x128x128|drop0.3|lr0.001,17,0.18738884635324832,0.216204891204834,0.8817485703208296,0.09333333333333335,0.7466666666666667,0.9829629629629629,0.10613078624010086,24.2
A4-32x64x128x128|drop0.3|lr0.001,18,0.17805498743498765,0.22036415282885233,0.8679590426048989,0.09685185185185186,0.74,0.9774074074074074,0.14102678000926971,24.21
A4-32x64x128x128|drop0.3|lr0.001,19,0.16053023419556794,0.9281918667157492,0.8840200491902268,0.09592592592592591,0.7966666666666666,0.975925925925926,0.0034101740457117558,24.17
A4-32x64x128x128|drop0.3|lr0.001,20,0.1610504305936672,0.20825881385803222,0.8863630718483451,0.07259259259259258,0.79,0.9781481481481481,0.2547255754470825,24.07
A4-32x64x128x128|drop0.3|lr0.001,21,0.15722447711450083,0.23330784447987873,0.8799743945375014,0.08203703703703705,0.8433333333333334,0.9662962962962963,0.10154253989458084,24.11
A4-32x64x128x128|drop0.3|lr0.001,22,0.14412356957682856,0.3198073291778564,0.8771007174368519,0.07611111111111113,0.7266666666666667,0.9840740740740741,0.36699098348617554,23.74
A4-32x64x128x128|drop0.3|lr0.001,23,0.13098598169618184,0.20039470402399698,0.8902746132629812,0.07259259259259258,0.83,0.9737037037037037,0.2750625014305115,23.94
A4-32x64x128x128|drop0.3|lr0.001,24,0.12371767551810653,0.3422588183879852,0.8848438395788009,0.0775925925925926,0.79,0.9774074074074074,0.015618057921528816,24.21
A4-32x64x128x128|drop0.3|lr0.001,25,0.11981547356755645,0.22207134675979615,0.8873401474592293,0.07129629629629627,0.8533333333333334,0.9685185185185186,0.07985082268714905,24.08
A4-32x64x128x128|drop0.3|lr0.001,26,0.11301287617065288,0.46451640288035073,0.8901999206060964,0.07333333333333335,0.79,0.98,0.7693844437599182,23.1
A4-32x64x128x128|drop0.3|lr0.001,27,0.10371874710365578,0.3333742335637411,0.8950657587911576,0.07351851851851852,0.8166666666666667,0.9781481481481481,0.01495649665594101,24.09
A4-32x64x128x128|drop0.3|lr0.001,28,0.10019396007723279,2.921631669362386,0.881779755378792,0.08074074074074075,0.7966666666666666,0.9748148148148148,0.999870777130127,22.03
A4-32x64x128x128|drop0.3|lr0.001,29,0.09719398999655689,0.41625689872105914,0.8838828135678094,0.09314814814814812,0.81,0.9737037037037037,0.006710791029036045,23.95
A4-32x64x128x128|drop0.3|lr0.001,30,0.08935523507992427,0.6139687247276306,0.9018374716473898,0.07740740740740742,0.77,0.9885185185185185,0.0006488421349786222,24.07
A4-32x64x128x128|drop0.3|lr0.001,31,0.0812072452682036,0.6636375172932942,0.906426897452056,0.06203703703703705,0.85,0.9785185185185186,0.9519761204719543,22.79
A4-32x64x128x128|drop0.3|lr0.001,32,0.08279526839432894,1.507269523938497,0.8747558899521752,0.09277777777777776,0.8333333333333334,0.9651851851851851,0.0001459804188925773,24.08
A4-32x64x128x128|drop0.3|lr0.001,33,0.08272926292320093,0.24856308301289876,0.9084165793057347,0.0637037037037037,0.8166666666666667,0.9844444444444445,0.30509263277053833,23.29
A4-32x64x128x128|drop0.3|lr0.001,34,0.06861865281396443,0.18630144731203716,0.9057828496801126,0.06925925925925927,0.8233333333333334,0.9822222222222222,0.17094317078590393,23.61
A4-32x64x128x128|drop0.3|lr0.001,35,0.07587047813556812,0.3584022078514099,0.9045680111973533,0.06944444444444445,0.8,0.9851851851851852,0.5506610870361328,23.12
A4-32x64x128x128|drop0.3|lr0.001,36,0.06931803619751224,0.18021351623535156,0.9084165793057347,0.061666666666666696,0.8166666666666667,0.9844444444444445,0.048794835805892944,23.57
A4-32x64x128x128|drop0.3|lr0.001,37,0.0894597457073353,0.31237684202194216,0.8770339857723082,0.08148148148148149,0.78,0.9751851851851852,0.006309089250862598,23.95
A4-32x64x128x128|drop0.3|lr0.001,38,0.06903696445844791,0.3458281796773275,0.8932248071910025,0.0759259259259259,0.8133333333333334,0.9777777777777777,0.5702580809593201,23.03
A4-32x64x128x128|drop0.3|lr0.001,39,0.05610858080011827,0.5539528776804606,0.9072408799748519,0.07129629629629627,0.7933333333333333,0.9874074074074074,0.8096760511398315,22.59
A4-32x64x128x128|drop0.3|lr0.001,40,0.047744705125137614,0.28929389667510985,0.9053301572469152,0.07055555555555557,0.8366666666666667,0.98,0.1855400651693344,22.99
A4-32x64x128x128|drop0.3|lr0.001,41,0.04919201228132954,0.23267928552627565,0.8986232290454679,0.07333333333333335,0.8133333333333334,0.9803703703703703,0.05093756690621376,23.35
B3-16x32x64|drop0.0|lr0.001,1,0.5900555300889192,0.7228522849082947,0.6543844700199339,0.2661111111111111,0.45666666666666667,0.9014814814814814,0.642451286315918,15.06
B3-16x32x64|drop0.0|lr0.001,2,0.5157897640864054,0.4821210211118062,0.6831282656329007,0.20925925925925926,0.57,0.8911111111111111,0.2739441692829132,14.14
B3-16x32x64|drop0.0|lr0.001,3,0.4911469715612906,0.647686273097992,0.6683702254256833,0.2261111111111111,0.6066666666666667,0.8651851851851852,0.12268314510583878,14.05
B3-16x32x64|drop0.0|lr0.001,4,0.4736336644932076,0.44663881754875184,0.7192344293129194,0.19925925925925927,0.57,0.9222222222222223,0.26766350865364075,14.11
B3-16x32x64|drop0.0|lr0.001,5,0.4552709569754424,0.4647878465652466,0.7110417373455009,0.18259259259259258,0.5766666666666667,0.9137037037037037,0.4599587023258209,14.04
B3-16x32x64|drop0.0|lr0.001,6,0.4343097868937033,0.42571826934814455,0.7267792540963909,0.18000000000000002,0.59,0.9225925925925926,0.3137165307998657,14.1
B3-16x32x64|drop0.0|lr0.001,7,0.42171469613357826,0.45547946071624756,0.7491946004952208,0.17000000000000004,0.66,0.9214814814814815,0.5097733736038208,14.11
B3-16x32x64|drop0.0|lr0.001,8,0.41208273552965236,0.44686125914255775,0.7483311390596159,0.16000000000000003,0.6633333333333333,0.92,0.1857340782880783,14.09
B3-16x32x64|drop0.0|lr0.001,9,0.39316306541584156,0.6030231676101685,0.7598190845052117,0.1488888888888889,0.7033333333333334,0.9188888888888889,0.06974198669195175,14.16
B3-16x32x64|drop0.0|lr0.001,10,0.38442028311446863,0.39855372126897176,0.7690156515335458,0.13962962962962966,0.6466666666666666,0.9388888888888889,0.14631924033164978,14.08
B3-16x32x64|drop0.0|lr0.001,11,0.3706414355525264,0.9949385267893474,0.7686807851650523,0.1501851851851852,0.6866666666666666,0.9292592592592592,0.9145578145980835,14.05
B3-16x32x64|drop0.0|lr0.001,12,0.37293478450068723,0.36281330792109173,0.7768403221340832,0.14703703703703705,0.71,0.9296296296296296,0.35901620984077454,14.14
B3-16x32x64|drop0.0|lr0.001,13,0.3646554832458496,0.3603838320573171,0.7848756663989387,0.13870370370370372,0.7333333333333333,0.93,0.2108653038740158,14.05
B3-16x32x64|drop0.0|lr0.001,14,0.3601777302424113,0.5724207906723022,0.7799587540295918,0.14944444444444444,0.69,0.9362962962962963,0.7150485515594482,14.1
B3-16x32x64|drop0.0|lr0.001,15,0.344199872802805,0.3404703323841095,0.7982786444324905,0.13407407407407407,0.7233333333333334,0.9411111111111111,0.31400376558303833,14.14
B3-16x32x64|drop0.0|lr0.001,16,0.3458422876905512,0.5944320058822632,0.7963163959720869,0.14037037037037037,0.63,0.96,0.6747303605079651,14.07
B3-16x32x64|drop0.0|lr0.001,17,0.3312900254019984,0.3493994200229645,0.7809695972217663,0.14055555555555554,0.6733333333333333,0.9407407407407408,0.24999012053012848,14.08
B3-16x32x64|drop0.0|lr0.001,18,0.3250957170592414,0.6674038391113282,0.7993144626271562,0.13185185185185183,0.73,0.9403703703703704,0.04079088196158409,14.05
B3-16x32x64|drop0.0|lr0.001,19,0.3244974559324759,0.49714779257774355,0.7998966132501792,0.12722222222222224,0.7866666666666666,0.9288888888888889,0.06907416880130768,14.04
B3-16x32x64|drop0.0|lr0.001,20,0.31270683079295686,0.3321190398534139,0.8126455033186033,0.12037037037037035,0.7166666666666667,0.9514814814814815,0.15013562142848969,14.07
B3-16x32x64|drop0.0|lr0.001,21,0.30230237768314505,0.5893989133834839,0.7821482196482197,0.13444444444444442,0.6866666666666666,0.9385185185185185,0.03831164538860321,14.05
B3-16x32x64|drop0.0|lr0.001,22,0.3019116356814349,0.32385469992955523,0.8178623699033438,0.11666666666666668,0.6733333333333333,0.9633333333333334,0.35823988914489746,14.08
B3-16x32x64|drop0.0|lr0.001,23,0.3007571634186639,0.45305246353149414,0.8150352618673851,0.12981481481481483,0.7,0.9562962962962963,0.06634509563446045,14.14
B3-16x32x64|drop0.0|lr0.001,24,0.29049028875209665,0.9025942405064901,0.7743055555555556,0.14685185185185187,0.7233333333333334,0.9248148148148149,0.9127009510993958,13.95
B3-16x32x64|drop0.0|lr0.001,25,0.2969315341137074,0.33957687266667685,0.8237221683507288,0.12722222222222224,0.66,0.9692592592592593,0.3358149230480194,14.09
B3-16x32x64|drop0.0|lr0.001,26,0.287018011631789,0.3919973146120707,0.8105389701462633,0.1274074074074074,0.63,0.9681481481481482,0.3854241669178009,14.04
B3-16x32x64|drop0.0|lr0.001,27,0.2773526162041558,0.5828581349054972,0.8129272094975417,0.11944444444444446,0.6866666666666666,0.9577777777777777,0.7182945013046265,14.02
B3-16x32x64|drop0.0|lr0.001,28,0.2695179535459589,0.4575759236017863,0.8190298645885317,0.11092592592592593,0.64,0.9707407407407408,0.5890763998031616,14.07
B3-16x32x64|drop0.0|lr0.001,29,0.26888355093973654,0.30463429307937623,0.8323389584647714,0.10870370370370369,0.6933333333333334,0.9674074074074074,0.09782526642084122,14.19
B3-16x32x64|drop0.0|lr0.001,30,0.25490324631002215,0.5427820440928142,0.8149957657481597,0.11592592592592592,0.72,0.9522222222222222,0.026736296713352203,14.09
B3-16x32x64|drop0.0|lr0.001,31,0.2554342825545205,0.351141761302948,0.8161216148113111,0.11425925925925925,0.6666666666666666,0.9637037037037037,0.0568091906607151,14.04
B3-16x32x64|drop0.0|lr0.001,32,0.2559041384767603,0.35485333935419716,0.79505840554315,0.12981481481481483,0.7066666666666667,0.9425925925925925,0.42148324847221375,14.12
B3-16x32x64|drop0.0|lr0.001,33,0.25292691269627327,0.3081484765211741,0.8238832391033399,0.09962962962962964,0.76,0.9496296296296296,0.11865069717168808,14.08
B3-16x32x64|drop0.0|lr0.001,34,0.24489381366747398,1.0053689867655435,0.817922413207419,0.11037037037037034,0.69,0.96,0.9241202473640442,13.91
B3-16x32x64|drop0.0|lr0.001,35,0.2421055639187495,0.7551152156194051,0.8264809457606086,0.1138888888888889,0.7033333333333334,0.9622222222222222,0.85858154296875,13.82
B3-16x32x64|drop0.0|lr0.001,36,0.23964511456312956,0.42644057647387185,0.8348655090228123,0.10296296296296295,0.7766666666666666,0.952962962962963,0.041707687079906464,14.04
B3-16x32x64|drop0.0|lr0.001,37,0.23877901524967618,0.4740586601893107,0.8200741847976527,0.11222222222222222,0.7333333333333333,0.9525925925925925,0.035634636878967285,14.11
B3-16x32x64|drop0.0|lr0.001,38,0.24685309956691884,0.7571493117014567,0.8304545202900957,0.10962962962962963,0.7533333333333333,0.9548148148148148,0.01124464999884367,14.08
B3-16x32x64|drop0.0|lr0.001,39,0.22789083287009487,0.4513746490478516,0.825706304451959,0.11037037037037034,0.72,0.9585185185185185,0.6253357529640198,13.96
B3-16x32x64|drop0.0|lr0.001,40,0.2296158253086938,0.2899238882859548,0.8423928271224432,0.09999999999999999,0.8266666666666667,0.9481481481481482,0.14071431756019592,14.08
B3-16x32x64|drop0.0|lr0.001,41,0.22917221222983467,0.2992492669423421,0.8454014666247534,0.10703703703703704,0.6866666666666666,0.9755555555555555,0.321170836687088,14.14
B3-16x32x64|drop0.0|lr0.001,42,0.2185866259822139,0.5054072187741597,0.8389426831172888,0.10648148148148151,0.72,0.965925925925926,0.7284559011459351,13.95
B3-16x32x64|drop0.0|lr0.001,43,0.2101153810068413,0.2853752001921336,0.8505528249691388,0.09981481481481481,0.7933333333333333,0.9588888888888889,0.3906383812427521,14.36
B3-16x32x64|drop0.0|lr0.001,44,0.2094711419079039,0.3146375236511231,0.8449496461704729,0.09611111111111109,0.78,0.9581481481481482,0.0788888931274414,14.41
B3-16x32x64|drop0.0|lr0.001,45,0.2104984737502204,0.2734130177497864,0.8426053113553114,0.09944444444444446,0.7466666666666667,0.9629629629629629,0.2829849123954773,14.89
B3-16x32x64|drop0.0|lr0.001,46,0.20853171241724933,0.5643669107755025,0.8423775897984589,0.09685185185185186,0.73,0.965925925925926,0.011944418773055077,14.4
B3-16x32x64|drop0.0|lr0.001,47,0.2049374926575908,0.559582793712616,0.8410350504242208,0.08833333333333332,0.74,0.9633333333333334,0.016937946900725365,14.33
B3-16x32x64|drop0.0|lr0.001,48,0.20284878481758967,0.2548584429423014,0.847448177837826,0.10629629629629633,0.7266666666666667,0.9692592592592593,0.12738391757011414,14.34
B3-16x32x64|drop0.0|lr0.001,49,0.20001782089251058,0.42624147089322406,0.8423804295266871,0.10388888888888889,0.75,0.9622222222222222,0.027746984735131264,14.56
B3-16x32x64|drop0.0|lr0.001,50,0.19942385228474935,0.257257980744044,0.8437364040886265,0.0964814814814815,0.74,0.9648148148148148,0.1891690492630005,14.52
B3-16x32x64|drop0.0|lr0.001,51,0.208142240524292,0.31186476469039914,0.8464414090582315,0.09611111111111109,0.7866666666666666,0.9577777777777777,0.5433796644210815,14.07
B3-16x32x64|drop0.3|lr0.001,1,0.6254988420980948,0.6071389578183493,0.6409875152766927,0.2461111111111111,0.5266666666666666,0.8625925925925926,0.5898689031600952,15.17
B3-16x32x64|drop0.3|lr0.001,2,0.5574840976927016,0.4908210000991821,0.6745397625766355,0.21962962962962962,0.5733333333333334,0.8818518518518519,0.34747588634490967,14.9
B3-16x32x64|drop0.3|lr0.001,3,0.5288930604546158,0.5182273449897766,0.6818995156701683,0.21999999999999997,0.6133333333333333,0.8766666666666667,0.25224003195762634,14.59
B3-16x32x64|drop0.3|lr0.001,4,0.5123397305011749,0.4728884425163269,0.6971107084183484,0.19592592592592595,0.6866666666666666,0.87,0.3372204601764679,14.54
B3-16x32x64|drop0.3|lr0.001,5,0.5047156254803693,0.4976258071263631,0.6872145325252492,0.20462962962962966,0.5666666666666667,0.8959259259259259,0.466230183839798,14.63
B3-16x32x64|drop0.3|lr0.001,6,0.4861481149284928,0.43827606058120727,0.6958485053044067,0.19148148148148147,0.6666666666666666,0.8744444444444445,0.36649277806282043,14.52
B3-16x32x64|drop0.3|lr0.001,7,0.47834504521334614,0.4451679967244466,0.7109160237651858,0.1837037037037037,0.5066666666666667,0.9340740740740741,0.3439518213272095,14.62
B3-16x32x64|drop0.3|lr0.001,8,0.4713205387062497,0.5182296253840128,0.6826500459387649,0.20055555555555557,0.5733333333333334,0.8896296296296297,0.15534240007400513,14.68
B3-16x32x64|drop0.3|lr0.001,9,0.4589820466659687,0.47405273373921714,0.7203126471419155,0.17777777777777776,0.7066666666666667,0.8859259259259259,0.1887761801481247,14.6
B3-16x32x64|drop0.3|lr0.001,10,0.45383884625964693,0.4726183236440023,0.7329324776998619,0.17314814814814816,0.58,0.93,0.15225350856781006,14.75
B3-16x32x64|drop0.3|lr0.001,11,0.44577517242784853,0.4982985773086548,0.7319109452038814,0.16962962962962963,0.62,0.9185185185185185,0.5629437565803528,14.57
B3-16x32x64|drop0.3|lr0.001,12,0.4467521437538995,0.4049205801486969,0.7332197342847253,0.16592592592592592,0.6266666666666667,0.9177777777777778,0.33757832646369934,15.13
B3-16x32x64|drop0.3|lr0.001,13,0.4386069978431419,0.45293723567326866,0.7361032948934398,0.16777777777777775,0.6366666666666667,0.9174074074074074,0.15440450608730316,14.8
B3-16x32x64|drop0.3|lr0.001,14,0.4259517318142785,0.528338007291158,0.7414277150996451,0.15555555555555559,0.6066666666666667,0.9292592592592592,0.6076354384422302,14.74
B3-16x32x64|drop0.3|lr0.001,15,0.41841436284559747,0.3904209759235382,0.7398242368177613,0.16037037037037039,0.6666666666666666,0.9125925925925926,0.3686933219432831,14.81
B3-16x32x64|drop0.3|lr0.001,16,0.4219726183237853,0.45485500637690224,0.7455380143168899,0.1635185185185185,0.6666666666666666,0.917037037037037,0.529920220375061,14.73
B3-16x32x64|drop0.3|lr0.001,17,0.4052196039976897,0.43073651790618894,0.7533877356482594,0.14629629629629629,0.6366666666666667,0.9303703703703704,0.49994921684265137,14.63
B3-16x32x64|drop0.3|lr0.001,18,0.4030086048709022,0.4408978616396586,0.7624677708216725,0.14314814814814814,0.6633333333333333,0.9303703703703704,0.13888989388942719,14.74
B3-16x32x64|drop0.3|lr0.001,19,0.4045258960194058,0.3948603571256002,0.7561302418636124,0.15055555555555555,0.7366666666666667,0.9081481481481481,0.205521821975708,14.7
B3-16x32x64|drop0.3|lr0.001,20,0.3899351449012756,0.37033436679840087,0.7690437209895935,0.1433333333333333,0.6233333333333333,0.9444444444444444,0.3385625183582306,14.78
B3-16x32x64|drop0.3|lr0.001,21,0.3905154889512945,0.3663057003815969,0.7531429642537065,0.14703703703703705,0.63,0.9318518518518518,0.25433969497680664,14.75
B3-16x32x64|drop0.3|lr0.001,22,0.3843906733194987,0.36001864592234295,0.7665318204297767,0.13685185185185186,0.6566666666666666,0.9348148148148148,0.3731590509414673,14.71
B3-16x32x64|drop0.3|lr0.001,23,0.3951012678322969,0.6192623600959778,0.7675317032851027,0.14722222222222223,0.6533333333333333,0.9362962962962963,0.7414371371269226,14.85
B3-16x32x64|drop0.3|lr0.001,24,0.3773216358732294,0.38422186199824016,0.7526020040967725,0.15537037037037035,0.6033333333333334,0.9381481481481482,0.34535279870033264,14.66
B3-16x32x64|drop0.3|lr0.001,25,0.38158728900662175,0.34422738194465635,0.7731304983173142,0.13037037037037036,0.6633333333333333,0.9377777777777778,0.31111592054367065,14.68
B3-16x32x64|drop0.3|lr0.001,26,0.36440593349492106,0.3337178099155426,0.7758343776875369,0.12944444444444447,0.66,0.9403703703703704,0.24540545046329498,14.71
B3-16x32x64|drop0.3|lr0.001,27,0.3605352547433641,0.7007226610183716,0.7544695113943276,0.14629629629629629,0.6533333333333333,0.927037037037037,0.8038362264633179,15.18
B3-16x32x64|drop0.3|lr0.001,28,0.3680032480734366,0.396363809188207,0.7831868640148011,0.12962962962962965,0.76,0.922962962962963,0.5881328582763672,15.28
B3-16x32x64|drop0.3|lr0.001,29,0.3573112693892585,0.3482057774861654,0.7865736200616419,0.12203703703703703,0.7133333333333334,0.9355555555555556,0.4489040672779083,15.03
B3-16x32x64|drop0.3|lr0.001,30,0.35930683861838447,0.5266940631866455,0.7913079214161951,0.1274074074074074,0.7433333333333333,0.9322222222222222,0.0738249197602272,14.58
B3-16x32x64|drop0.3|lr0.001,31,0.35133753152246827,0.3790876868565877,0.784637538868342,0.11944444444444446,0.62,0.9551851851851851,0.10953120142221451,15.52
B3-16x32x64|drop0.3|lr0.001,32,0.347656245470047,0.35557769958178204,0.7848506146100775,0.12722222222222224,0.6533333333333333,0.9477777777777778,0.14171451330184937,14.89
B3-16x32x64|drop0.3|lr0.001,33,0.34667037694542496,0.33888274876276653,0.7837083551369266,0.12314814814814815,0.76,0.9233333333333333,0.46204230189323425,14.81
B3-16x32x64|drop0.3|lr0.001,34,0.34671877918420013,0.6056760508219401,0.7843390019048623,0.12481481481481485,0.67,0.9437037037037037,0.038646914064884186,14.66
B3-16x32x64|drop0.3|lr0.001,35,0.34182576617488153,0.36917161973317464,0.8076827942841102,0.11703703703703704,0.6966666666666667,0.9525925925925925,0.5034336447715759,14.7
B3-16x32x64|drop0.3|lr0.001,36,0.33846740154866817,0.321220787525177,0.7899623187378995,0.1164814814814815,0.7033333333333334,0.94,0.18849554657936096,14.73
B3-16x32x64|drop0.3|lr0.001,37,0.34061418621628375,0.5303472256660462,0.785332626193749,0.12388888888888891,0.6333333333333333,0.9525925925925925,0.03623368963599205,14.72
B3-16x32x64|drop0.3|lr0.001,38,0.3432949259192855,0.5240345401763916,0.800780426963891,0.1125925925925926,0.7433333333333333,0.9385185185185185,0.05928464233875275,14.68
B3-16x32x64|drop0.3|lr0.001,39,0.33371357949574787,0.3078477651278178,0.8062139534883721,0.11444444444444443,0.68,0.9551851851851851,0.2729640603065491,14.74
B3-16x32x64|drop0.3|lr0.001,40,0.3235726137691074,0.6450857392946879,0.7891848049986268,0.12,0.7366666666666667,0.9322222222222222,0.03554537519812584,14.65
B3-16x32x64|drop0.3|lr0.001,41,0.3307984310609323,0.30619147658348084,0.8079162580554777,0.12333333333333332,0.7566666666666667,0.9403703703703704,0.2986209988594055,14.74
B3-16x32x64|drop0.3|lr0.001,42,0.32461779780299577,0.332337251663208,0.8047403386085514,0.12314814814814815,0.72,0.945925925925926,0.44485676288604736,14.65
B3-16x32x64|drop0.3|lr0.001,43,0.3183543303542667,0.31760146069526674,0.7957469210343923,0.11555555555555556,0.6966666666666667,0.9451851851851852,0.29007017612457275,14.69
B3-16x32x64|drop0.3|lr0.001,44,0.30670488307211136,0.35532299073537194,0.809175975602281,0.10629629629629633,0.71,0.9507407407407408,0.09603269398212433,14.71
B3-16x32x64|drop0.3|lr0.001,45,0.32182731836813466,0.4442824634710948,0.8055268845022096,0.12277777777777779,0.6833333333333333,0.9540740740740741,0.06397585570812225,14.67
B3-16x32x64|drop0.3|lr0.001,46,0.3204398859871758,0.4656637455622355,0.8126309252509872,0.10925925925925928,0.6966666666666667,0.9555555555555556,0.046187277883291245,14.71
B3-16x32x64|drop0.3|lr0.001,47,0.3095817709410632,0.5773814512888591,0.7986092547816694,0.1255555555555556,0.6533333333333333,0.9562962962962963,0.7181789875030518,14.74
B3-16x32x64|drop0.3|lr0.001,48,0.3133286968778681,0.31419526251157126,0.8204022407328365,0.12148148148148147,0.64,0.9714814814814815,0.131155326962471,14.7
B3-16x32x64|drop0.3|lr0.001,49,0.3058555882683507,0.3903264905611674,0.8013656114214773,0.11018518518518516,0.6766666666666666,0.952962962962963,0.06523799151182175,14.91
B3-16x32x64|drop0.3|lr0.001,50,0.29976665411613607,0.313542609055837,0.8238625314362421,0.11055555555555557,0.7466666666666667,0.9522222222222222,0.1495252251625061,14.75
B3-16x32x64|drop0.3|lr0.001,51,0.3032208499069567,0.3486305385430654,0.8149957657481597,0.11592592592592592,0.72,0.9522222222222222,0.48456114530563354,14.8
B3-16x32x64|drop0.3|lr0.001,52,0.298089481861503,0.3022234244346619,0.8306044341780465,0.10685185185185186,0.7133333333333334,0.9625925925925926,0.33436188101768494,14.74
B3-16x32x64|drop0.3|lr0.001,53,0.29464247174174696,0.37453316084543864,0.8199882489790957,0.12388888888888891,0.6866666666666666,0.9618518518518518,0.09560313820838928,14.77
B3-16x32x64|drop0.3|lr0.001,54,0.29638751002594277,0.4156955331961314,0.8168664482629494,0.11314814814814814,0.6833333333333333,0.9607407407407408,0.04301251471042633,14.71
B3-16x32x64|drop0.3|lr0.001,55,0.2907797229025099,0.4182876551946004,0.8059244126659857,0.10962962962962963,0.72,0.9466666666666667,0.5998914837837219,14.7
B3-16x32x64|drop0.3|lr0.001,56,0.29828922126028273,0.463115598042806,0.807379276150344,0.12018518518518517,0.6833333333333333,0.9551851851851851,0.05641550198197365,14.66
B3-16x32x64|drop0.3|lr0.001,57,0.2858137655523088,0.38215484062830607,0.817745791584642,0.10666666666666669,0.6766666666666666,0.9625925925925926,0.04793653264641762,14.84
B3-16x32x64|drop0.3|lr0.001,58,0.2851708221877063,0.28760565813382466,0.8341730174009498,0.09981481481481481,0.7666666666666667,0.9544444444444444,0.20820306241512299,14.78
B3-16x32x64|drop0.3|lr0.001,59,0.2852966584806089,0.28312471747398377,0.842748638039201,0.10722222222222222,0.6833333333333333,0.9748148148148148,0.142233744263649,14.75
B3-16x32x64|drop0.3|lr0.001,60,0.2815718866101018,0.3377091124852498,0.8261949099937926,0.11333333333333331,0.7233333333333334,0.9581481481481482,0.40490299463272095,14.84
A4-32x64x128x128|drop0.0|lr0.0003,1,0.5332223130155492,0.5145119641621908,0.6846523675055186,0.20999999999999996,0.5566666666666666,0.8966666666666666,0.15304306149482727,26.06
A4-32x64x128x128|drop0.0|lr0.0003,2,0.45148001627568846,0.441177791595459,0.7345135557060509,0.18333333333333335,0.6333333333333333,0.917037037037037,0.45081228017807007,25.1
A4-32x64x128x128|drop0.0|lr0.0003,3,0.41165940634409587,0.4275598406791687,0.738038497388821,0.17351851851851852,0.5566666666666666,0.94,0.14036346971988678,24.99
A4-32x64x128x128|drop0.0|lr0.0003,4,0.37401635827841584,0.3750824217001597,0.7913575667655786,0.1438888888888889,0.6333333333333333,0.9562962962962963,0.14969687163829803,25.11
A4-32x64x128x128|drop0.0|lr0.0003,5,0.34527496437673216,0.39100310564041135,0.7918898168277659,0.12333333333333332,0.6633333333333333,0.95,0.4949305057525635,25.2
A4-32x64x128x128|drop0.0|lr0.0003,6,0.310078384814439,1.0168576517105103,0.7760616882062763,0.14703703703703705,0.68,0.9359259259259259,0.9200631976127625,25.02
A4-32x64x128x128|drop0.0|lr0.0003,7,0.29926867983076305,0.3421800169944763,0.825576669496577,0.12296296296296297,0.7633333333333333,0.95,0.3107345700263977,25.18
A4-32x64x128x128|drop0.0|lr0.0003,8,0.27064015460014346,0.3834710513750712,0.8186886726583429,0.12074074074074076,0.6866666666666666,0.9611111111111111,0.47523605823516846,25.1
A4-32x64x128x128|drop0.0|lr0.0003,9,0.24423788460978754,0.8183051656087239,0.8192587197626532,0.12962962962962965,0.6133333333333333,0.9762962962962963,0.004061391111463308,25.12
A4-32x64x128x128|drop0.0|lr0.0003,10,0.23673529640833538,0.37882441504796344,0.84828232546706,0.1074074074074074,0.6966666666666667,0.9751851851851852,0.04745326563715935,25.18
A4-32x64x128x128|drop0.0|lr0.0003,11,0.21989933035108777,0.5441508329709371,0.8487515300346276,0.11703703703703704,0.7,0.9748148148148148,0.6855238080024719,25.04
A4-32x64x128x128|drop0.0|lr0.0003,12,0.20809197907536117,0.38018114884694415,0.8560145997726303,0.09851851851851852,0.8,0.9607407407407408,0.6891436576843262,25.07
A4-32x64x128x128|drop0.0|lr0.0003,13,0.1817121394828514,0.4294998483657837,0.8668428505624985,0.1061111111111111,0.7066666666666667,0.9825925925925926,0.013473662547767162,25.06
A4-32x64x128x128|drop0.0|lr0.0003,14,0.18037035881148444,0.27732183758417767,0.86649896144045,0.09925925925925928,0.71,0.9818518518518519,0.2788299322128296,25.1
A4-32x64x128x128|drop0.0|lr0.0003,15,0.15794294042498977,0.44969765265782674,0.862259432933168,0.0948148148148148,0.73,0.9762962962962963,0.6356749534606934,24.82
A4-32x64x128x128|drop0.0|lr0.0003,16,0.14827374121877882,1.8989501736958823,0.817232768096152,0.13074074074074077,0.7433333333333333,0.9488888888888889,0.9954050779342651,23.71
A4-32x64x128x128|drop0.0|lr0.0003,17,0.1419287004382522,0.24002785031000773,0.8819316727970574,0.08759259259259261,0.7766666666666666,0.9781481481481481,0.09968504309654236,24.93
A4-32x64x128x128|drop0.0|lr0.0003,18,0.11516250078766434,0.33898380772272746,0.8774960186206051,0.08703703703703702,0.7233333333333334,0.9848148148148148,0.013804697431623936,25.46
A4-32x64x128x128|drop0.0|lr0.0003,19,0.12359170545251282,0.4749067398707072,0.8786068255568439,0.09259259259259259,0.8366666666666667,0.9666666666666667,0.013736248016357422,25.24
A4-32x64x128x128|drop0.0|lr0.0003,20,0.10400389732034118,0.25330941661198936,0.8877506755421584,0.07666666666666666,0.85,0.9692592592592593,0.5002219676971436,24.92
A4-32x64x128x128|drop0.0|lr0.0003,21,0.09191497270266215,0.2038330771923065,0.8701689818876838,0.08407407407407405,0.8033333333333333,0.9677777777777777,0.1524672508239746,25.04
A4-32x64x128x128|drop0.0|lr0.0003,22,0.09322419923985446,0.24405439217885336,0.8878350475675885,0.08333333333333334,0.82,0.9740740740740741,0.3248564302921295,24.88
A4-32x64x128x128|drop0.0|lr0.0003,23,0.07490194859438472,0.21748289934794107,0.8930894676677879,0.07666666666666666,0.82,0.9766666666666667,0.08109962195158005,24.92
A4-32x64x128x128|drop0.0|lr0.0003,24,0.06245929885352099,0.3678872961997986,0.8873706146856409,0.08166666666666669,0.8,0.977037037037037,0.013310147449374199,25.14
A4-32x64x128x128|drop0.0|lr0.0003,25,0.06084846625946186,0.6297805884679158,0.8896044158233671,0.08796296296296297,0.7533333333333333,0.9855555555555555,0.0005840105004608631,24.98
A4-32x64x128x128|drop0.0|lr0.0003,26,0.06602591413480265,0.2997055764198303,0.886440409529194,0.07111111111111111,0.8133333333333334,0.9744444444444444,0.548878014087677,24.32
A4-32x64x128x128|drop0.0|lr0.0003,27,0.07496009931961696,0.7074857185681661,0.900295298246305,0.0737037037037037,0.8233333333333334,0.9796296296296296,0.0008543916628696024,25.09
A4-32x64x128x128|drop0.0|lr0.0003,28,0.040126431657208333,0.18162368742624918,0.8987476619914678,0.07259259259259258,0.8233333333333334,0.9788888888888889,0.08387139439582825,24.66
A4-32x64x128x128|drop0.0|lr0.0003,29,0.05448524515054844,0.5862576904296875,0.8868578728063505,0.0898148148148148,0.81,0.9751851851851852,0.8709679841995239,24.15
A4-32x64x128x128|drop0.0|lr0.0003,30,0.035919958565522124,0.31342388518651326,0.8996554244235144,0.07296296296296294,0.86,0.9737037037037037,0.611306369304657,24.1
A4-32x64x128x128|drop0.0|lr0.0003,31,0.02686205662731771,1.3185202674865724,0.8661824992279213,0.08537037037037037,0.8366666666666667,0.96,0.9945588707923889,23.29
A4-32x64x128x128|drop0.0|lr0.0003,32,0.045958201603757014,1.5362570571899414,0.8648886710222965,0.08018518518518522,0.7633333333333333,0.9718518518518519,0.9949604272842407,23.2
A4-32x64x128x128|drop0.0|lr0.0003,33,0.042223800249121805,0.5279377253850301,0.8935122241128054,0.08018518518518522,0.76,0.9862962962962963,0.7384286522865295,23.96
A4-32x64x128x128|drop0.0|lr0.0003,34,0.027764765363048623,0.27280925488471985,0.9071684066207615,0.07703703703703701,0.84,0.9803703703703703,0.326718270778656,24.29
A4-32x64x128x128|drop0.0|lr0.0003,35,0.020965629653522264,1.596113535563151,0.9058966322517208,0.07314814814814817,0.7966666666666666,0.9862962962962963,0.9970235228538513,23.07
A4-32x64x128x128|drop0.0|lr0.0003,36,0.021638570957713658,0.8999574305216471,0.8933403401393483,0.10314814814814817,0.7266666666666667,0.9914814814814815,0.8392512798309326,23.61
A4-32x64x128x128|drop0.0|lr0.0003,37,0.04203570043157648,0.8498227663040161,0.8599777015262431,0.09666666666666668,0.7466666666666667,0.9722222222222222,0.921178936958313,23.81
A4-32x64x128x128|drop0.0|lr0.0003,38,0.040529226552557064,0.24523798815409342,0.8751821789520442,0.08333333333333334,0.7833333333333333,0.9737037037037037,0.20806631445884705,24.56
A4-32x64x128x128|drop0.0|lr0.0003,39,0.027719467657307782,0.5260714707374573,0.9035874242942161,0.06148148148148146,0.78,0.9877777777777778,0.7244114875793457,23.48
A4-32x64x128x128|drop0.0|lr0.0003,40,0.012831578871166264,0.293814946492513,0.8916280825270837,0.08629629629629632,0.7966666666666666,0.9796296296296296,0.013596263714134693,24.68
A4-32x64x128x128|drop0.0|lr0.0003,41,0.06102775663578952,0.7030673646926879,0.8710417909314454,0.08333333333333334,0.7533333333333333,0.9766666666666667,0.8821701407432556,23.89
A4-32x64x128x128|drop0.0|lr0.0003,42,0.023541850851365814,0.7457771387100219,0.8981032650625209,0.08296296296296293,0.8333333333333334,0.977037037037037,0.9687770009040833,23.52
B3-16x32x64|drop0.0|lr0.0003,1,0.613961284160614,0.5710248324076335,0.6316460475270712,0.2633333333333333,0.5566666666666666,0.8414814814814815,0.5233221054077148,15.67
B3-16x32x64|drop0.0|lr0.0003,2,0.5455723265541924,0.5202253244717916,0.6670003644146956,0.225,0.5,0.8985185185185185,0.44089600443840027,14.74
B3-16x32x64|drop0.0|lr0.0003,3,0.5113085638682048,0.7514983728726705,0.6647391296367589,0.22703703703703704,0.5866666666666667,0.8677777777777778,0.09544600546360016,14.67
B3-16x32x64|drop0.0|lr0.0003,4,0.49981135454884285,0.48915535004933675,0.6985576923076923,0.19888888888888892,0.6366666666666667,0.8855555555555555,0.27142471075057983,14.78
B3-16x32x64|drop0.0|lr0.0003,5,0.4800504520027726,0.48180203994115195,0.700319331859494,0.20870370370370367,0.54,0.9155555555555556,0.44784998893737793,14.71
B3-16x32x64|drop0.0|lr0.0003,6,0.46399448559902334,0.4491797525087992,0.7035900661238504,0.19666666666666666,0.5666666666666667,0.9103703703703704,0.2780313193798065,14.77
B3-16x32x64|drop0.0|lr0.0003,7,0.4515759277873569,0.593498871644338,0.7255356305758165,0.18351851851851853,0.6,0.9188888888888889,0.6499137282371521,14.68
B3-16x32x64|drop0.0|lr0.0003,8,0.4450447193251716,0.44563351321220396,0.7325053819404383,0.17685185185185182,0.5733333333333334,0.9314814814814815,0.2042163461446762,14.73
B3-16x32x64|drop0.0|lr0.0003,9,0.4311968443658617,0.45770049818356834,0.7341112560649115,0.16574074074074074,0.6166666666666667,0.9211111111111111,0.17223118245601654,14.64
B3-16x32x64|drop0.0|lr0.0003,10,0.4201728785921026,0.4084551602204641,0.7405431978506052,0.17129629629629634,0.59,0.932962962962963,0.330369234085083,14.71
B3-16x32x64|drop0.0|lr0.0003,11,0.4124225849840376,0.4924698921839396,0.7486726874357366,0.1668518518518518,0.5366666666666666,0.9525925925925925,0.5008202195167542,14.67
B3-16x32x64|drop0.0|lr0.0003,12,0.40680471729349205,0.4511805640856425,0.746381325027212,0.1737037037037037,0.6633333333333333,0.9185185185185185,0.15016067028045654,14.67
B3-16x32x64|drop0.0|lr0.0003,13,0.4025720996768386,0.3864078367551168,0.750834950431006,0.16055555555555556,0.6366666666666667,0.9285185185185185,0.33530393242836,14.65
B3-16x32x64|drop0.0|lr0.0003,14,0.3971715237564511,0.6199654669761657,0.7484886184791049,0.16314814814814815,0.6166666666666667,0.9318518518518518,0.7146477103233337,14.69
B3-16x32x64|drop0.0|lr0.0003,15,0.38695662833143163,0.3805101556777954,0.7601084567130569,0.1535185185185185,0.5733333333333334,0.9507407407407408,0.22817176580429077,14.61
B3-16x32x64|drop0.0|lr0.0003,16,0.38629227109308595,0.44006326254208883,0.7556759783106526,0.14962962962962967,0.6433333333333333,0.9303703703703704,0.5219571590423584,14.71
B3-16x32x64|drop0.0|lr0.0003,17,0.37256334431083116,0.4221297540664673,0.7311603674759666,0.1796296296296296,0.65,0.91,0.3617415726184845,14.74
B3-16x32x64|drop0.0|lr0.0003,18,0.36570395408736334,0.3967852595647176,0.7692162561598483,0.14648148148148146,0.6566666666666666,0.9366666666666666,0.4456998407840729,14.76
B3-16x32x64|drop0.0|lr0.0003,19,0.368137515562552,0.3840251406033834,0.7513420217356327,0.16000000000000003,0.6966666666666667,0.914074074074074,0.4072945713996887,14.6
B3-16x32x64|drop0.0|lr0.0003,20,0.36047437126548204,0.3764219365119934,0.7784893504904045,0.14629629629629629,0.7233333333333334,0.9277777777777778,0.45332884788513184,14.71
B3-16x32x64|drop0.0|lr0.0003,21,0.35486380317476063,0.48603738713264466,0.7729752981192796,0.1461111111111111,0.6533333333333333,0.94,0.08380130678415298,14.76
B3-16x32x64|drop0.0|lr0.0003,22,0.3473784140569192,0.3875475042661031,0.7858669764173044,0.1366666666666667,0.6233333333333333,0.9551851851851851,0.12188951671123505,14.7
B3-16x32x64|drop0.0|lr0.0003,23,0.3446857264748326,0.5484207117557526,0.7889434263726527,0.13944444444444443,0.6666666666666666,0.9474074074074074,0.0636499673128128,14.68
B3-16x32x64|drop0.0|lr0.0003,24,0.3424156587918599,0.353225085179011,0.7742034666974134,0.14370370370370367,0.71,0.9277777777777778,0.3300327956676483,14.72
B3-16x32x64|drop0.0|lr0.0003,25,0.3454966229862637,0.3419578789869944,0.786489856747468,0.1401851851851852,0.6266666666666667,0.9548148148148148,0.18220247328281403,14.71
B3-16x32x64|drop0.0|lr0.0003,26,0.33955619640703555,0.39379139947891234,0.7756533986488965,0.13574074074074075,0.6466666666666666,0.9433333333333334,0.4396211802959442,14.63
B3-16x32x64|drop0.0|lr0.0003,27,0.3355190791024102,0.3600753558476766,0.7630680798047922,0.1461111111111111,0.6666666666666666,0.93,0.3110700249671936,14.72
B3-16x32x64|drop0.0|lr0.0003,28,0.32762768676545884,0.47650160535176594,0.7865544871986503,0.14055555555555554,0.64,0.9518518518518518,0.588466465473175,14.73
B3-16x32x64|drop0.0|lr0.0003,29,0.32902792318662005,0.3430767900943756,0.7819410400098783,0.1333333333333333,0.65,0.9466666666666667,0.3212566077709198,14.73
B3-16x32x64|drop0.0|lr0.0003,30,0.32365483185980054,0.9921770699818929,0.7843707137599587,0.14370370370370367,0.72,0.9325925925925926,0.012914284132421017,14.72
B3-16x32x64|drop0.0|lr0.0003,31,0.31353400127092995,0.41210255479812624,0.7909143576497031,0.1266666666666667,0.7266666666666667,0.9355555555555556,0.10737000405788422,14.83
B3-16x32x64|drop0.0|lr0.0003,32,0.3157120246798904,0.6475171748797098,0.7750478950223509,0.13648148148148145,0.6866666666666666,0.9337037037037037,0.035423796623945236,14.7
B3-16x32x64|drop0.0|lr0.0003,33,0.31330729556966713,0.49536782280604047,0.7871250956498725,0.12685185185185188,0.7133333333333334,0.9359259259259259,0.6956022381782532,14.74
B3-16x32x64|drop0.0|lr0.0003,34,0.31030832007196213,0.4524103382428487,0.7888777416336472,0.13074074074074077,0.6933333333333334,0.9414814814814815,0.6382492184638977,14.63
B3-16x32x64|drop0.0|lr0.0003,35,0.30525282465087045,0.6354195300738017,0.7789290497839989,0.14240740740740737,0.6366666666666667,0.9477777777777778,0.7130671739578247,14.64
B3-16x32x64|drop0.0|lr0.0003,36,0.3025166186668255,1.0579446396827699,0.7854534875781453,0.13,0.58,0.9648148148148148,0.004507036413997412,14.64
B3-16x32x64|drop0.0|lr0.0003,37,0.30050081392570777,0.886574538230896,0.7794117647058822,0.12462962962962962,0.69,0.9359259259259259,0.01365931611508131,14.69
B3-16x32x64|drop0.0|lr0.0003,38,0.3080732487925777,0.3163032164573669,0.8030424285094953,0.12648148148148153,0.7166666666666667,0.9455555555555556,0.26431944966316223,14.63
B3-16x32x64|drop0.0|lr0.0003,39,0.29305102972631103,0.33951733040809634,0.7870674656089668,0.1262962962962963,0.7266666666666667,0.932962962962963,0.43204638361930847,14.66
B3-16x32x64|drop0.0|lr0.0003,40,0.2892369574352547,0.4202742919921875,0.7932104654253412,0.1338888888888889,0.72,0.9385185185185185,0.0923817828297615,14.61
B3-16x32x64|drop0.0|lr0.0003,41,0.2928586868974898,0.3193006690343221,0.803421914816163,0.11666666666666668,0.7266666666666667,0.9437037037037037,0.1891302913427353,14.88
B3-16x32x64|drop0.0|lr0.0003,42,0.289917017698288,0.3313215022087097,0.8003379404116009,0.12277777777777779,0.7366666666666667,0.9396296296296296,0.3493264317512512,14.77
B3-16x32x64|drop0.0|lr0.0003,43,0.2836013517688822,0.33093625195821125,0.7975730532731131,0.12851851851851853,0.63,0.9607407407407408,0.09786929935216904,14.71
B3-16x32x64|drop0.0|lr0.0003,44,0.2810244833275124,0.3487738260428111,0.8045537475693061,0.11018518518518516,0.67,0.9562962962962963,0.08601376414299011,14.68
B3-16x32x64|drop0.0|lr0.0003,45,0.275683645495662,0.4110195675690969,0.8055316350124424,0.12944444444444447,0.76,0.9381481481481482,0.09048911929130554,14.76
B3-16x32x64|drop0.0|lr0.0003,46,0.28244760587480333,0.5304562821388245,0.795594429064958,0.11129629629629628,0.71,0.9422222222222222,0.03975684940814972,14.67
B3-16x32x64|drop0.0|lr0.0003,47,0.2738403421772851,0.3104193842411041,0.8089103749669735,0.11981481481481482,0.72,0.9485185185185185,0.32072314620018005,14.65
B3-16x32x64|drop0.0|lr0.0003,48,0.2743461900552114,0.8523040342330933,0.8027011899809944,0.12018518518518517,0.7333333333333333,0.9418518518518518,0.013296878896653652,14.72
B3-16x32x64|drop0.0|lr0.0003,49,0.27163886120584274,0.3197788546085358,0.8021909233176838,0.11185185185185184,0.73,0.9422222222222222,0.16763867437839508,14.7
B3-16x32x64|drop0.0|lr0.0003,50,0.2706478865367395,0.3007080554962158,0.8111425873465533,0.11296296296296296,0.7833333333333333,0.937037037037037,0.41284826397895813,14.71
B3-16x32x64|drop0.0|lr0.0003,51,0.27503893549795505,0.3139285105069478,0.7999070852814482,0.1177777777777778,0.6933333333333334,0.9485185185185185,0.1773238182067871,14.7
B3-16x32x64|drop0.0|lr0.0003,52,0.26604048982814504,0.5268995866775513,0.8001752135980202,0.11925925925925923,0.7133333333333334,0.9444444444444444,0.731822669506073,14.67
B3-16x32x64|drop0.0|lr0.0003,53,0.2626234952873654,0.32858157547314965,0.7994274768756595,0.12722222222222224,0.7233333333333334,0.9418518518518518,0.32535320520401,14.64
B3-16x32x64|drop0.0|lr0.0003,54,0.2662852051390542,0.3000211504300435,0.8204980110621589,0.11092592592592593,0.6733333333333333,0.9648148148148148,0.14246052503585815,14.71
B3-16x32x64|drop0.0|lr0.0003,55,0.260012895822525,0.35660223372777305,0.8028723407637743,0.11888888888888888,0.7766666666666666,0.932962962962963,0.5692888498306274,14.64
B3-16x32x64|drop0.0|lr0.0003,56,0.2610363231853203,0.48615909059842427,0.8049791755160705,0.11740740740740739,0.68,0.9544444444444444,0.032638534903526306,14.65
B3-16x32x64|drop0.0|lr0.0003,57,0.2547870411784561,0.28357025869687397,0.8109909829663771,0.10722222222222222,0.77,0.9396296296296296,0.2722155749797821,14.68
B3-16x32x64|drop0.0|lr0.0003,58,0.25464032734764946,0.7234455960591634,0.8086423655642059,0.11962962962962964,0.73,0.9462962962962963,0.013661409728229046,14.75
B3-16x32x64|drop0.0|lr0.0003,59,0.2485740314413,0.8597839314142863,0.8125827910971367,0.11703703703703704,0.6766666666666666,0.9596296296296296,0.8917768597602844,14.54
B3-16x32x64|drop0.0|lr0.0003,60,0.25883944235907663,1.500228354771932,0.7956721496052912,0.1353703703703704,0.7033333333333334,0.9437037037037037,0.9814314842224121,14.28
